{"cameraMode":{"drawMode":0,"name":"Shaded","section":"Shading Mode"},"sceneLighting":true,"audioPlay":false,"sceneViewState":{"m_AlwaysRefresh":false,"showFog":true,"showSkybox":false,"showFlares":true,"showImageEffects":true,"showParticleSystems":true,"showVisualEffectGraphs":true,"m_FxEnabled":true},"in2DMode":false,"pivot":{"x":0.4888562858104706,"y":28.888118743896486,"z":3.3518624305725099},"rotation":{"x":0.0012459089048206807,"y":-0.9973136186599731,"z":0.01676328293979168,"w":0.0722217708826065},"size":5.966026306152344,"orthographic":false}