{"cameraMode":{"drawMode":0,"name":"Shaded","section":"Shading Mode"},"sceneLighting":false,"audioPlay":false,"sceneViewState":{"m_AlwaysRefresh":false,"showFog":true,"showSkybox":false,"showFlares":true,"showImageEffects":true,"showParticleSystems":true,"showVisualEffectGraphs":true,"m_FxEnabled":true},"in2DMode":false,"pivot":{"x":-1.7057971954345704,"y":22.559059143066408,"z":3.2780299186706545},"rotation":{"x":0.11694443225860596,"y":0.7321987152099609,"z":-0.1300683170557022,"w":0.6582978963851929},"size":14.999750137329102,"orthographic":false}