{"cameraMode":{"drawMode":0,"name":"Shaded","section":"Shading Mode"},"sceneLighting":false,"audioPlay":false,"sceneViewState":{"m_AlwaysRefresh":false,"showFog":true,"showSkybox":false,"showFlares":true,"showImageEffects":true,"showParticleSystems":true,"showVisualEffectGraphs":true,"m_FxEnabled":true},"in2DMode":false,"pivot":{"x":74.0311279296875,"y":53.6373291015625,"z":-51.475250244140628},"rotation":{"x":0.0023899772204458715,"y":0.9951541423797607,"z":-0.09764580428600311,"w":0.024182980880141259},"size":31.602094650268556,"orthographic":false}