{"cameraMode":{"drawMode":0,"name":"Shaded","section":"Shading Mode"},"sceneLighting":false,"audioPlay":false,"sceneViewState":{"m_AlwaysRefresh":false,"showFog":true,"showSkybox":false,"showFlares":true,"showImageEffects":true,"showParticleSystems":true,"showVisualEffectGraphs":true,"m_FxEnabled":true},"in2DMode":false,"pivot":{"x":651.6312866210938,"y":304.2113037109375,"z":1.5631561279296876},"rotation":{"x":-0.028800517320632936,"y":-0.018894733861088754,"z":0.0005447620642371476,"w":-0.9994021058082581},"size":85.1103286743164,"orthographic":false}