{"cameraMode":{"drawMode":0,"name":"Shaded","section":"Shading Mode"},"sceneLighting":true,"audioPlay":false,"sceneViewState":{"m_AlwaysRefresh":false,"showFog":true,"showSkybox":false,"showFlares":true,"showImageEffects":true,"showParticleSystems":true,"showVisualEffectGraphs":true,"m_FxEnabled":true},"in2DMode":false,"pivot":{"x":2.753720283508301,"y":18.434356689453126,"z":0.8525681495666504},"rotation":{"x":0.015318837016820908,"y":-0.9847444295883179,"z":0.11754615604877472,"w":0.12802770733833314},"size":6.02693510055542,"orthographic":false}