{"cameraMode":{"drawMode":0,"name":"Shaded","section":"Shading Mode"},"sceneLighting":true,"audioPlay":false,"sceneViewState":{"m_AlwaysRefresh":false,"showFog":true,"showSkybox":false,"showFlares":true,"showImageEffects":true,"showParticleSystems":true,"showVisualEffectGraphs":true,"m_FxEnabled":true},"in2DMode":false,"pivot":{"x":2.1236627101898195,"y":15.409132957458496,"z":4.269373416900635},"rotation":{"x":0.2064497321844101,"y":-0.32586541771888735,"z":0.07315438240766525,"w":0.919735848903656},"size":12.476635932922364,"orthographic":false}