{"cameraMode":{"drawMode":0,"name":"Shaded","section":"Shading Mode"},"sceneLighting":true,"audioPlay":false,"sceneViewState":{"m_AlwaysRefresh":false,"showFog":true,"showSkybox":true,"showFlares":true,"showImageEffects":true,"showParticleSystems":true,"showVisualEffectGraphs":true,"m_FxEnabled":true},"in2DMode":false,"pivot":{"x":114.88851928710938,"y":30.517189025878908,"z":61.9473991394043},"rotation":{"x":-0.017403826117515565,"y":-0.4031290113925934,"z":0.002312187571078539,"w":-0.9182644486427307},"size":50.859397888183597,"orthographic":false}