{"cameraMode":{"drawMode":0,"name":"Shaded","section":"Shading Mode"},"sceneLighting":true,"audioPlay":false,"sceneViewState":{"m_AlwaysRefresh":false,"showFog":true,"showSkybox":true,"showFlares":true,"showImageEffects":true,"showParticleSystems":true,"showVisualEffectGraphs":true,"m_FxEnabled":true},"in2DMode":false,"pivot":{"x":627.9067993164063,"y":380.9612121582031,"z":3.134124755859375},"rotation":{"x":-0.0258067324757576,"y":-0.000903480569832027,"z":0.000023559976398246363,"w":-0.9996601343154907},"size":333.1138000488281,"orthographic":false}