{"cameraMode":{"drawMode":0,"name":"Shaded","section":"Shading Mode"},"sceneLighting":true,"audioPlay":false,"sceneViewState":{"m_AlwaysRefresh":false,"showFog":true,"showSkybox":true,"showFlares":true,"showImageEffects":true,"showParticleSystems":true,"showVisualEffectGraphs":true,"m_FxEnabled":true},"in2DMode":false,"pivot":{"x":102.67902374267578,"y":14.260778427124024,"z":36.45305633544922},"rotation":{"x":0.10044515132904053,"y":0.06413498520851135,"z":-0.0064961668103933338,"w":0.9930198192596436},"size":18.44511604309082,"orthographic":false}