{"cameraMode":{"drawMode":0,"name":"Shaded","section":"Shading Mode"},"sceneLighting":true,"audioPlay":false,"sceneViewState":{"m_AlwaysRefresh":false,"showFog":true,"showSkybox":true,"showFlares":true,"showImageEffects":true,"showParticleSystems":true,"showVisualEffectGraphs":true,"m_FxEnabled":true},"in2DMode":false,"pivot":{"x":182.59140014648438,"y":43.49940872192383,"z":-22.918886184692384},"rotation":{"x":0.01752353273332119,"y":-0.7176953554153442,"z":-0.018119247630238534,"w":-0.6968717575073242},"size":123.40662384033203,"orthographic":false}