{"cameraMode":{"drawMode":0,"name":"Shaded","section":"Shading Mode"},"sceneLighting":true,"audioPlay":false,"sceneViewState":{"m_AlwaysRefresh":false,"showFog":true,"showSkybox":true,"showFlares":true,"showImageEffects":true,"showParticleSystems":true,"showVisualEffectGraphs":true,"m_FxEnabled":true},"in2DMode":false,"pivot":{"x":672.8497924804688,"y":333.2945861816406,"z":10.21343994140625},"rotation":{"x":-0.04679236188530922,"y":0.0020940399263054134,"z":-0.00009787252929527313,"w":-0.9988998174667358},"size":357.0862731933594,"orthographic":false}