{"cameraMode":{"drawMode":0,"name":"Shaded","section":"Shading Mode"},"sceneLighting":true,"audioPlay":false,"sceneViewState":{"m_AlwaysRefresh":false,"showFog":true,"showSkybox":true,"showFlares":true,"showImageEffects":true,"showParticleSystems":true,"showVisualEffectGraphs":true,"m_FxEnabled":true},"in2DMode":false,"pivot":{"x":298.422119140625,"y":379.71966552734377,"z":-11.3802490234375},"rotation":{"x":-0.04539991170167923,"y":-0.0023315439466387035,"z":0.00031501727062277496,"w":-1.0012866258621216},"size":442.7761535644531,"orthographic":false}